[
    {
        "src": "./data/gallery-images/gallery_image_5.jpg",
        "width": 3,
        "height": 4
    },
    {
        "src": "./data/gallery-images/gallery_image_6.jpg",
        "width": 4,
        "height": 3
    },
    {
        "src": "./data/gallery-images/gallery_image_7.jpg",
        "width": 3,
        "height": 4
    },
    {
        "src": "./data/gallery-images/gallery_image_8.jpg",
        "width": 1,
        "height": 1
    },
    {
        "src": "./data/gallery-images/gallery_image_9.jpg",
        "width": 3,
        "height": 4
    }
]